'i-01444ab3e9c3698fa',
'i-0eaa08d8815331cd8',
'i-0b0f150ecec1b0fda',
'i-097b1aac1ad655a26',
'i-0d7a49b80890a272e',
'i-07589ade9a5d3de59',
'i-0946e698d7e97077a',
'i-69f41272',
'i-0ddfc0535e6a7c2d3',
'i-0631a9bf9a3502841',
'i-037a98e67fc2fba01',
'i-d96d53c1',
'i-6429d0cb',
'i-0df08e257603748d5',
'i-323f362a',
'i-84f7119f',
'i-04e27a1da6b73418a',
'i-0b5bcf3d7a147035b',
'i-0db2ea94f1fd9e899',
'i-01e42495',
'i-04921d33e4cc7c5ec',
'i-96bdd38e',
'i-0ed24b04284a77c95',
'i-0194f1e826f91426e',
'i-040235efbf830045f',
'i-008e5476baa12aae2',
'i-3ad72695',
'i-0fdfe6355f3c29760',
'i-3b3f3623',
'i-7285b5b5',
'i-0ffdb1541df22c496',
'i-05cceebbdb856fd8c',
'i-041f2dc5a8f247140',
'i-7529b4e1',
'i-0014c68e9a090636b',
'i-0f8af50589e6b0387',
'i-08c4455fb37731bb3',
'i-04b1e9d9ec359e888',
'i-05011815b7fecda81',
'i-08a45bcff5908bbd1',
'i-07561ef488a6f44ce',
'i-0a38fb77f7ea628ba',
'i-d159a38e',
'i-98f41283',
'i-02eb397ec1da7abe1',
'i-08333bbf229da809d'